{"cameraMode":{"drawMode":0,"name":"Shaded","section":"Shading Mode"},"sceneLighting":false,"audioPlay":false,"sceneViewState":{"showFog":true,"showMaterialUpdate":false,"showSkybox":false,"showFlares":true,"showImageEffects":true,"showParticleSystems":true},"in2DMode":false,"pivot":{"x":-2.425644874572754,"y":4.107611179351807,"z":0.2152872085571289},"rotation":{"x":-0.017867878079414369,"y":-0.9026418924331665,"z":-0.037654515355825427,"w":0.4283768832683563},"size":8.513579368591309,"orthographic":false}