{"cameraMode":{"drawMode":0,"name":"Shaded","section":"Shading Mode"},"sceneLighting":true,"audioPlay":false,"sceneViewState":{"showFog":true,"showMaterialUpdate":false,"showSkybox":true,"showFlares":true,"showImageEffects":true,"showParticleSystems":true},"in2DMode":false,"pivot":{"x":0.18000000715255738,"y":1.0799998044967652,"z":-4.010000228881836},"rotation":{"x":0.056100912392139438,"y":-0.9398829340934753,"z":0.2787429690361023,"w":0.1891600787639618},"size":0.6247447729110718,"orthographic":false}