{"cameraMode":{"drawMode":0,"name":"Shaded","section":"Shading Mode"},"sceneLighting":false,"audioPlay":false,"sceneViewState":{"showFog":true,"showMaterialUpdate":false,"showSkybox":false,"showFlares":true,"showImageEffects":true,"showParticleSystems":true},"in2DMode":false,"pivot":{"x":0.0,"y":0.6946964263916016,"z":0.025591373443603517},"rotation":{"x":0.047600727528333667,"y":-0.9032910466194153,"z":0.4135132431983948,"w":0.10397825390100479},"size":1.2740401029586793,"orthographic":false}